anchor,positive,negative
drawing_100357.jpg,drawing_65233.jpg,print_65901.jpg
drawing_100877.jpg,drawing_208702.jpg,print_74450.jpg
drawing_10536.jpg,drawing_65233.jpg,print_35136.jpg
drawing_106746.jpg,drawing_68893.jpg,painting_243.jpg
drawing_107542.jpg,drawing_74243.jpg,print_222868.jpg
drawing_109206.jpg,drawing_61076.jpg,painting_46158.jpg
drawing_109393.jpg,drawing_94976.jpg,painting_46440.jpg
drawing_109394.jpg,drawing_73844.jpg,print_153564.jpg
drawing_109395.jpg,drawing_64765.jpg,print_207581.jpg
drawing_110412.jpg,drawing_184075.jpg,painting_92215.jpg
drawing_112451.jpg,drawing_208709.jpg,painting_46440.jpg
drawing_112456.jpg,drawing_214159.jpg,painting_46620.jpg
drawing_112526.jpg,drawing_66773.jpg,painting_34136.jpg
drawing_112531.jpg,drawing_64826.jpg,print_171612.jpg
drawing_11314.jpg,drawing_75816.jpg,print_110376.jpg
drawing_117751.jpg,drawing_73487.jpg,painting_34083.jpg
drawing_120629.jpg,drawing_64963.jpg,print_74474.jpg
drawing_122294.jpg,drawing_4225.jpg,painting_46153.jpg
drawing_122296.jpg,drawing_161075.jpg,print_58184.jpg
drawing_122298.jpg,drawing_208702.jpg,print_74439.jpg
drawing_122645.jpg,drawing_64773.jpg,painting_46440.jpg
drawing_122646.jpg,drawing_219304.jpg,print_46871.jpg
drawing_122649.jpg,drawing_58610.jpg,print_74480.jpg
drawing_122651.jpg,drawing_61076.jpg,print_9931.jpg
drawing_122656.jpg,drawing_37013.jpg,print_48091.jpg
drawing_122657.jpg,drawing_64765.jpg,print_8202.jpg
drawing_122659.jpg,drawing_63182.jpg,painting_34163.jpg
drawing_128495.jpg,drawing_143863.jpg,print_224159.jpg
drawing_131854.jpg,drawing_169481.jpg,print_74046.jpg
drawing_131873.jpg,drawing_11314.jpg,painting_59.jpg
drawing_138471.jpg,drawing_69116.jpg,print_74450.jpg
drawing_138591.jpg,drawing_208712.jpg,print_50231.jpg
drawing_138656.jpg,drawing_65860.jpg,print_3352.jpg
drawing_138657.jpg,drawing_214159.jpg,print_8021.jpg
drawing_139227.jpg,drawing_122649.jpg,painting_100870.jpg
drawing_143681.jpg,drawing_58226.jpg,painting_111757.jpg
drawing_143764.jpg,drawing_68864.jpg,painting_52380.jpg
drawing_143807.jpg,drawing_56977.jpg,print_150524.jpg
drawing_143814.jpg,drawing_65080.jpg,print_164707.jpg
drawing_143824.jpg,drawing_64867.jpg,painting_92994.jpg
drawing_143833.jpg,drawing_122656.jpg,painting_46628.jpg
drawing_143834.jpg,drawing_122651.jpg,print_54099.jpg
drawing_143857.jpg,drawing_131854.jpg,print_46873.jpg
drawing_143863.jpg,drawing_75755.jpg,print_30595.jpg
drawing_150827.jpg,drawing_64773.jpg,print_34190.jpg
drawing_150829.jpg,drawing_75865.jpg,painting_33246.jpg
drawing_150838.jpg,drawing_70188.jpg,print_8202.jpg
drawing_154421.jpg,drawing_71307.jpg,painting_43515.jpg
drawing_156733.jpg,drawing_122298.jpg,painting_50293.jpg
drawing_158359.jpg,drawing_208691.jpg,painting_50824.jpg
drawing_161075.jpg,drawing_57021.jpg,print_66666.jpg
drawing_161778.jpg,drawing_156733.jpg,print_57678.jpg
drawing_163361.jpg,drawing_169481.jpg,print_145077.jpg
drawing_169190.jpg,drawing_73487.jpg,print_162998.jpg
drawing_169481.jpg,drawing_208710.jpg,print_134837.jpg
drawing_173839.jpg,drawing_64963.jpg,painting_46110.jpg
drawing_173878.jpg,drawing_207939.jpg,print_222458.jpg
drawing_174306.jpg,drawing_49070.jpg,print_74313.jpg
drawing_175343.jpg,drawing_206425.jpg,print_153765.jpg
drawing_180518.jpg,drawing_64677.jpg,print_161888.jpg
drawing_180519.jpg,drawing_66505.jpg,print_56656.jpg
drawing_180526.jpg,drawing_75749.jpg,painting_34117.jpg
drawing_180541.jpg,drawing_74211.jpg,print_8216.jpg
drawing_180594.jpg,drawing_184863.jpg,print_74753.jpg
drawing_181061.jpg,drawing_128495.jpg,print_145843.jpg
drawing_181179.jpg,drawing_75816.jpg,print_48965.jpg
drawing_181181.jpg,drawing_223183.jpg,painting_204747.jpg
drawing_184075.jpg,drawing_70464.jpg,painting_38.jpg
drawing_184136.jpg,drawing_122646.jpg,print_169568.jpg
drawing_184171.jpg,drawing_106746.jpg,painting_121105.jpg
drawing_184237.jpg,drawing_71365.jpg,painting_204747.jpg
drawing_184863.jpg,drawing_122649.jpg,painting_106382.jpg
drawing_185015.jpg,drawing_150827.jpg,painting_34102.jpg
drawing_196209.jpg,drawing_65314.jpg,print_119895.jpg
drawing_206425.jpg,drawing_64677.jpg,print_227886.jpg
drawing_206449.jpg,drawing_48302.jpg,painting_46691.jpg
drawing_206453.jpg,drawing_62321.jpg,print_52482.jpg
drawing_207608.jpg,drawing_48551.jpg,print_147834.jpg
drawing_207837.jpg,drawing_68694.jpg,painting_16.jpg
drawing_207848.jpg,drawing_61177.jpg,print_74477.jpg
drawing_207939.jpg,drawing_181181.jpg,painting_59907.jpg
drawing_208690.jpg,drawing_69069.jpg,print_9996.jpg
drawing_208691.jpg,drawing_64604.jpg,painting_34130.jpg
drawing_208692.jpg,drawing_70464.jpg,painting_46620.jpg
drawing_208693.jpg,drawing_122645.jpg,print_146002.jpg
drawing_208694.jpg,drawing_208712.jpg,painting_50722.jpg
drawing_208695.jpg,drawing_214139.jpg,painting_158097.jpg
drawing_208696.jpg,drawing_42977.jpg,print_153766.jpg
drawing_208697.jpg,drawing_73847.jpg,painting_1206.jpg
drawing_208698.jpg,drawing_208704.jpg,print_8208.jpg
drawing_208699.jpg,drawing_65241.jpg,painting_43446.jpg
drawing_208700.jpg,drawing_64760.jpg,painting_44.jpg
drawing_208701.jpg,drawing_122298.jpg,print_57600.jpg
drawing_208702.jpg,drawing_143814.jpg,print_105328.jpg
drawing_208703.jpg,drawing_65772.jpg,painting_176888.jpg
drawing_208704.jpg,drawing_112526.jpg,print_73723.jpg
drawing_208705.jpg,drawing_43620.jpg,print_56437.jpg
drawing_208706.jpg,drawing_112531.jpg,painting_46496.jpg
drawing_208707.jpg,drawing_63137.jpg,painting_32695.jpg
drawing_208708.jpg,drawing_68807.jpg,print_223695.jpg
drawing_208709.jpg,drawing_208691.jpg,painting_34092.jpg
drawing_208710.jpg,drawing_122657.jpg,print_43484.jpg
drawing_208711.jpg,drawing_97833.jpg,painting_45887.jpg
drawing_208712.jpg,drawing_43620.jpg,painting_92215.jpg
drawing_208713.jpg,drawing_150827.jpg,painting_46153.jpg
drawing_208714.jpg,drawing_75755.jpg,print_131859.jpg
drawing_210093.jpg,drawing_128495.jpg,print_74444.jpg
drawing_212015.jpg,drawing_58948.jpg,print_74462.jpg
drawing_214139.jpg,drawing_59324.jpg,painting_46117.jpg
drawing_214159.jpg,drawing_208704.jpg,painting_34079.jpg
drawing_214190.jpg,drawing_93029.jpg,print_74481.jpg
drawing_215338.jpg,drawing_158359.jpg,print_55733.jpg
drawing_216887.jpg,drawing_43668.jpg,painting_1168.jpg
drawing_219304.jpg,drawing_122649.jpg,painting_499.jpg
drawing_223180.jpg,drawing_206449.jpg,painting_73.jpg
drawing_223181.jpg,drawing_100357.jpg,print_39505.jpg
drawing_223182.jpg,drawing_7035.jpg,print_9835.jpg
drawing_223183.jpg,drawing_65489.jpg,print_74737.jpg
drawing_223717.jpg,drawing_71307.jpg,print_74486.jpg
drawing_224160.jpg,drawing_95349.jpg,print_74481.jpg
drawing_224394.jpg,drawing_181181.jpg,print_117674.jpg
drawing_224917.jpg,drawing_112531.jpg,painting_41584.jpg
drawing_225267.jpg,drawing_59960.jpg,print_34041.jpg
drawing_225274.jpg,drawing_225267.jpg,print_39078.jpg
drawing_225275.jpg,drawing_64695.jpg,painting_92991.jpg
drawing_225546.jpg,drawing_57062.jpg,print_59741.jpg
drawing_227487.jpg,drawing_73847.jpg,painting_573.jpg
drawing_227882.jpg,drawing_64747.jpg,painting_46484.jpg
drawing_227884.jpg,drawing_52296.jpg,painting_45879.jpg
drawing_227885.jpg,drawing_65241.jpg,painting_44.jpg
drawing_32675.jpg,drawing_212015.jpg,print_45660.jpg
drawing_33814.jpg,drawing_93027.jpg,print_9833.jpg
drawing_37013.jpg,drawing_184171.jpg,print_74470.jpg
drawing_39588.jpg,drawing_58830.jpg,print_74445.jpg
drawing_40054.jpg,drawing_120629.jpg,painting_51096.jpg
drawing_4225.jpg,drawing_208714.jpg,painting_177526.jpg
drawing_42977.jpg,drawing_56313.jpg,painting_42911.jpg
drawing_43028.jpg,drawing_64884.jpg,painting_34082.jpg
drawing_43620.jpg,drawing_139227.jpg,painting_32682.jpg
drawing_43627.jpg,drawing_225267.jpg,print_153632.jpg
drawing_43668.jpg,drawing_70188.jpg,print_9847.jpg
drawing_45991.jpg,drawing_100877.jpg,print_216139.jpg
drawing_46885.jpg,drawing_143764.jpg,print_105331.jpg
drawing_47100.jpg,drawing_208698.jpg,painting_33246.jpg
drawing_48302.jpg,drawing_64864.jpg,painting_59893.jpg
drawing_48551.jpg,drawing_59960.jpg,print_74754.jpg
drawing_49070.jpg,drawing_65072.jpg,painting_320.jpg
drawing_50666.jpg,drawing_32675.jpg,print_74045.jpg
drawing_50904.jpg,drawing_214139.jpg,painting_33255.jpg
drawing_52291.jpg,drawing_10536.jpg,painting_34102.jpg
drawing_52292.jpg,drawing_215338.jpg,painting_398.jpg
drawing_52296.jpg,drawing_68694.jpg,painting_154543.jpg
drawing_52302.jpg,drawing_69230.jpg,print_40226.jpg
drawing_52308.jpg,drawing_64604.jpg,print_105329.jpg
drawing_52875.jpg,drawing_208709.jpg,print_32952.jpg
drawing_53147.jpg,drawing_219304.jpg,painting_46117.jpg
drawing_53382.jpg,drawing_71307.jpg,painting_67384.jpg
drawing_53537.jpg,drawing_169190.jpg,painting_38.jpg
drawing_55765.jpg,drawing_208699.jpg,print_8206.jpg
drawing_56286.jpg,drawing_181179.jpg,print_55647.jpg
drawing_56313.jpg,drawing_93029.jpg,painting_19.jpg
drawing_56977.jpg,drawing_65018.jpg,print_37682.jpg
drawing_56986.jpg,drawing_64845.jpg,painting_46484.jpg
drawing_57021.jpg,drawing_62310.jpg,print_226751.jpg
drawing_57039.jpg,drawing_7035.jpg,painting_75.jpg
drawing_57057.jpg,drawing_227487.jpg,painting_565.jpg
drawing_57061.jpg,drawing_64979.jpg,painting_50823.jpg
drawing_57062.jpg,drawing_93006.jpg,print_74475.jpg
drawing_57134.jpg,drawing_71289.jpg,print_80456.jpg
drawing_57787.jpg,drawing_64697.jpg,painting_220938.jpg
drawing_58226.jpg,drawing_223180.jpg,print_33495.jpg
drawing_58610.jpg,drawing_65772.jpg,painting_33255.jpg
drawing_58830.jpg,drawing_65038.jpg,painting_34102.jpg
drawing_58948.jpg,drawing_56977.jpg,print_131865.jpg
drawing_59324.jpg,drawing_64773.jpg,painting_92994.jpg
drawing_59944.jpg,drawing_65119.jpg,print_157137.jpg
drawing_59959.jpg,drawing_71541.jpg,painting_52380.jpg
drawing_59960.jpg,drawing_63137.jpg,print_45721.jpg
drawing_59974.jpg,drawing_57134.jpg,print_33784.jpg
drawing_61076.jpg,drawing_65120.jpg,print_33495.jpg
drawing_61177.jpg,drawing_72069.jpg,print_74443.jpg
drawing_61446.jpg,drawing_69117.jpg,painting_50722.jpg
drawing_62310.jpg,drawing_227882.jpg,painting_25.jpg
drawing_62321.jpg,drawing_69097.jpg,painting_50823.jpg
drawing_62963.jpg,drawing_64759.jpg,painting_131994.jpg
drawing_63096.jpg,drawing_57134.jpg,print_210340.jpg
drawing_63137.jpg,drawing_64773.jpg,print_153889.jpg
drawing_63182.jpg,drawing_138471.jpg,print_67769.jpg
drawing_64535.jpg,drawing_208690.jpg,print_37655.jpg
drawing_64604.jpg,drawing_64535.jpg,painting_50823.jpg
drawing_64607.jpg,drawing_45991.jpg,painting_46156.jpg
drawing_64677.jpg,drawing_131873.jpg,painting_46120.jpg
drawing_64679.jpg,drawing_65038.jpg,painting_43515.jpg
drawing_64695.jpg,drawing_65118.jpg,painting_111757.jpg
drawing_64696.jpg,drawing_122657.jpg,print_55730.jpg
drawing_64697.jpg,drawing_61446.jpg,painting_204747.jpg
drawing_64698.jpg,drawing_117751.jpg,print_37692.jpg
drawing_64738.jpg,drawing_208694.jpg,print_74002.jpg
drawing_64739.jpg,drawing_139227.jpg,painting_59893.jpg
drawing_64745.jpg,drawing_90273.jpg,print_57679.jpg
drawing_64747.jpg,drawing_64745.jpg,print_34191.jpg
drawing_64759.jpg,drawing_122656.jpg,painting_52257.jpg
drawing_64760.jpg,drawing_68864.jpg,painting_46158.jpg
drawing_64765.jpg,drawing_68865.jpg,print_9841.jpg
drawing_64773.jpg,drawing_65266.jpg,print_143395.jpg
drawing_64783.jpg,drawing_64604.jpg,painting_19.jpg
drawing_64812.jpg,drawing_73847.jpg,print_153608.jpg
drawing_64826.jpg,drawing_53382.jpg,print_227007.jpg
drawing_64841.jpg,drawing_59959.jpg,painting_46095.jpg
drawing_64845.jpg,drawing_53147.jpg,painting_46484.jpg
drawing_64864.jpg,drawing_64868.jpg,print_7360.jpg
drawing_64867.jpg,drawing_93027.jpg,print_74027.jpg
drawing_64868.jpg,drawing_56286.jpg,print_74047.jpg
drawing_64871.jpg,drawing_224917.jpg,print_43485.jpg
drawing_64884.jpg,drawing_58226.jpg,painting_176359.jpg
drawing_6492.jpg,drawing_64884.jpg,painting_42425.jpg
drawing_64932.jpg,drawing_138656.jpg,print_10053.jpg
drawing_64963.jpg,drawing_196209.jpg,print_74015.jpg
drawing_64965.jpg,drawing_68893.jpg,painting_41689.jpg
drawing_64978.jpg,drawing_64841.jpg,painting_121137.jpg
drawing_64979.jpg,drawing_53147.jpg,painting_52257.jpg
drawing_64990.jpg,drawing_174306.jpg,painting_59930.jpg
drawing_65014.jpg,drawing_56986.jpg,print_222460.jpg
drawing_65018.jpg,drawing_71463.jpg,painting_176359.jpg
drawing_65019.jpg,drawing_64841.jpg,painting_34049.jpg
drawing_65020.jpg,drawing_208700.jpg,print_153987.jpg
drawing_65021.jpg,drawing_64679.jpg,print_220963.jpg
drawing_65028.jpg,drawing_75865.jpg,painting_45887.jpg
drawing_65034.jpg,drawing_207837.jpg,print_143193.jpg
drawing_65037.jpg,drawing_93006.jpg,painting_43626.jpg
drawing_65038.jpg,drawing_65489.jpg,painting_176558.jpg
drawing_65071.jpg,drawing_64783.jpg,painting_52257.jpg
drawing_65072.jpg,drawing_73867.jpg,painting_406.jpg
drawing_65074.jpg,drawing_208694.jpg,print_74313.jpg
drawing_65076.jpg,drawing_64990.jpg,print_66666.jpg
drawing_65080.jpg,drawing_65489.jpg,print_45660.jpg
drawing_65084.jpg,drawing_78659.jpg,print_59470.jpg
drawing_65116.jpg,drawing_58226.jpg,painting_21.jpg
drawing_65117.jpg,drawing_208695.jpg,painting_44.jpg
drawing_65118.jpg,drawing_59959.jpg,painting_39729.jpg
drawing_65119.jpg,drawing_143863.jpg,print_144976.jpg
drawing_65120.jpg,drawing_50904.jpg,painting_34072.jpg
drawing_65233.jpg,drawing_71289.jpg,print_9834.jpg
drawing_65241.jpg,drawing_208706.jpg,painting_34135.jpg
drawing_65266.jpg,drawing_122645.jpg,print_153632.jpg
drawing_65314.jpg,drawing_174306.jpg,print_225592.jpg
drawing_65315.jpg,drawing_4225.jpg,print_224207.jpg
drawing_65474.jpg,drawing_208695.jpg,painting_323.jpg
drawing_65483.jpg,drawing_208710.jpg,print_41553.jpg
drawing_65489.jpg,drawing_65119.jpg,print_73911.jpg
drawing_65717.jpg,drawing_208691.jpg,painting_98593.jpg
drawing_65772.jpg,drawing_208694.jpg,print_153712.jpg
drawing_65810.jpg,drawing_75750.jpg,painting_92994.jpg
drawing_65860.jpg,drawing_65483.jpg,print_40179.jpg
drawing_66485.jpg,drawing_61177.jpg,print_50793.jpg
drawing_66505.jpg,drawing_75816.jpg,print_8198.jpg
drawing_66773.jpg,drawing_68690.jpg,painting_65606.jpg
drawing_6817.jpg,drawing_58226.jpg,print_62748.jpg
drawing_68604.jpg,drawing_58948.jpg,painting_42425.jpg
drawing_68681.jpg,drawing_68796.jpg,print_38994.jpg
drawing_68690.jpg,drawing_64845.jpg,painting_50492.jpg
drawing_68694.jpg,drawing_68807.jpg,print_34042.jpg
drawing_68753.jpg,drawing_73844.jpg,print_110685.jpg
drawing_68796.jpg,drawing_208695.jpg,print_8162.jpg
drawing_68807.jpg,drawing_59960.jpg,painting_100870.jpg
drawing_68846.jpg,drawing_9844.jpg,painting_46156.jpg
drawing_68860.jpg,drawing_224160.jpg,painting_1168.jpg
drawing_68864.jpg,drawing_9844.jpg,print_221656.jpg
drawing_68865.jpg,drawing_65474.jpg,painting_39729.jpg
drawing_68893.jpg,drawing_93333.jpg,painting_395.jpg
drawing_68945.jpg,drawing_70313.jpg,painting_92991.jpg
drawing_68948.jpg,drawing_208702.jpg,print_39505.jpg
drawing_68968.jpg,drawing_150838.jpg,painting_573.jpg
drawing_69069.jpg,drawing_75750.jpg,print_227007.jpg
drawing_69086.jpg,drawing_57134.jpg,print_109877.jpg
drawing_69092.jpg,drawing_57062.jpg,print_58812.jpg
drawing_69097.jpg,drawing_4225.jpg,painting_43445.jpg
drawing_69116.jpg,drawing_63137.jpg,painting_34083.jpg
drawing_69117.jpg,drawing_65116.jpg,print_227007.jpg
drawing_69137.jpg,drawing_73844.jpg,painting_34096.jpg
drawing_69201.jpg,drawing_65489.jpg,painting_1167.jpg
drawing_69230.jpg,drawing_122659.jpg,print_73933.jpg
drawing_70187.jpg,drawing_143681.jpg,painting_3209.jpg
drawing_70188.jpg,drawing_109395.jpg,painting_93000.jpg
drawing_70313.jpg,drawing_71289.jpg,print_40225.jpg
drawing_70324.jpg,drawing_63096.jpg,painting_34147.jpg
drawing_7035.jpg,drawing_68753.jpg,print_226965.jpg
drawing_70387.jpg,drawing_184136.jpg,painting_50492.jpg
drawing_70460.jpg,drawing_64864.jpg,print_41282.jpg
drawing_70464.jpg,drawing_227487.jpg,painting_34096.jpg
drawing_71289.jpg,drawing_64864.jpg,painting_46052.jpg
drawing_71307.jpg,drawing_208701.jpg,painting_51096.jpg
drawing_71365.jpg,drawing_75749.jpg,print_137895.jpg
drawing_71463.jpg,drawing_69137.jpg,print_90212.jpg
drawing_71541.jpg,drawing_65118.jpg,painting_50722.jpg
drawing_72069.jpg,drawing_64698.jpg,print_74485.jpg
drawing_72923.jpg,drawing_59974.jpg,print_141208.jpg
drawing_73412.jpg,drawing_109395.jpg,print_169928.jpg
drawing_73487.jpg,drawing_225275.jpg,painting_98594.jpg
drawing_73844.jpg,drawing_52292.jpg,painting_45886.jpg
drawing_73847.jpg,drawing_224917.jpg,painting_34085.jpg
drawing_73861.jpg,drawing_65241.jpg,print_74739.jpg
drawing_73867.jpg,drawing_69097.jpg,print_43410.jpg
drawing_74211.jpg,drawing_150829.jpg,painting_78.jpg
drawing_74212.jpg,drawing_143681.jpg,painting_43626.jpg
drawing_74243.jpg,drawing_65021.jpg,painting_195727.jpg
drawing_75748.jpg,drawing_64868.jpg,print_8063.jpg
drawing_75749.jpg,drawing_65080.jpg,painting_50823.jpg
drawing_75750.jpg,drawing_216887.jpg,painting_34106.jpg
drawing_75755.jpg,drawing_65034.jpg,print_183655.jpg
drawing_75790.jpg,drawing_64747.jpg,print_9983.jpg
drawing_75816.jpg,drawing_11314.jpg,print_58806.jpg
drawing_75827.jpg,drawing_214139.jpg,painting_106382.jpg
drawing_75865.jpg,drawing_52302.jpg,painting_46025.jpg
drawing_76232.jpg,drawing_70187.jpg,painting_45879.jpg
drawing_78659.jpg,drawing_65028.jpg,painting_1207.jpg
drawing_8139.jpg,drawing_214190.jpg,print_38578.jpg
drawing_82933.jpg,drawing_154421.jpg,painting_34163.jpg
drawing_90273.jpg,drawing_43627.jpg,painting_34160.jpg
drawing_92207.jpg,drawing_156733.jpg,print_71885.jpg
drawing_93006.jpg,drawing_64747.jpg,painting_46496.jpg
drawing_93027.jpg,drawing_9844.jpg,print_48965.jpg
drawing_93029.jpg,drawing_169481.jpg,print_146002.jpg
drawing_93063.jpg,drawing_117751.jpg,painting_44.jpg
drawing_93333.jpg,drawing_112456.jpg,print_8909.jpg
drawing_94963.jpg,drawing_11314.jpg,print_134837.jpg
drawing_94976.jpg,drawing_64932.jpg,print_73408.jpg
drawing_95349.jpg,drawing_32675.jpg,painting_573.jpg
drawing_97833.jpg,drawing_64884.jpg,painting_41689.jpg
drawing_97834.jpg,drawing_143833.jpg,painting_39729.jpg
drawing_9844.jpg,drawing_68681.jpg,print_74048.jpg
painting_100870.jpg,painting_34083.jpg,drawing_71365.jpg
painting_106382.jpg,painting_158097.jpg,drawing_71307.jpg
painting_108661.jpg,painting_46025.jpg,print_10351.jpg
painting_1095.jpg,painting_92994.jpg,drawing_173839.jpg
painting_1099.jpg,painting_34081.jpg,drawing_73861.jpg
painting_1102.jpg,painting_1208.jpg,drawing_64978.jpg
painting_111757.jpg,painting_46440.jpg,print_41192.jpg
painting_1121.jpg,painting_34096.jpg,print_57595.jpg
painting_1131.jpg,painting_570.jpg,drawing_43668.jpg
painting_1167.jpg,painting_320.jpg,drawing_45991.jpg
painting_1168.jpg,painting_121105.jpg,drawing_208698.jpg
painting_1177.jpg,painting_43597.jpg,print_74450.jpg
painting_1186.jpg,painting_41686.jpg,drawing_45991.jpg
painting_118611.jpg,painting_34117.jpg,print_74469.jpg
painting_1190.jpg,painting_92215.jpg,print_3311.jpg
painting_1206.jpg,painting_74.jpg,print_148710.jpg
painting_1207.jpg,painting_46178.jpg,drawing_112456.jpg
painting_1208.jpg,painting_43445.jpg,print_131865.jpg
painting_1209.jpg,painting_406.jpg,drawing_208696.jpg
painting_121105.jpg,painting_33752.jpg,drawing_120629.jpg
painting_121137.jpg,painting_32682.jpg,print_148015.jpg
painting_12201.jpg,painting_204092.jpg,drawing_208694.jpg
painting_12208.jpg,painting_34079.jpg,print_8019.jpg
painting_1235.jpg,painting_108661.jpg,drawing_214139.jpg
painting_128004.jpg,painting_46158.jpg,drawing_93029.jpg
painting_129282.jpg,painting_46691.jpg,drawing_64679.jpg
painting_131994.jpg,painting_176558.jpg,print_153637.jpg
painting_134427.jpg,painting_1186.jpg,print_147376.jpg
painting_154543.jpg,painting_65606.jpg,drawing_138656.jpg
painting_158097.jpg,painting_42917.jpg,drawing_68948.jpg
painting_16.jpg,painting_98467.jpg,drawing_57787.jpg
painting_166431.jpg,painting_37003.jpg,drawing_62963.jpg
painting_171260.jpg,painting_34102.jpg,print_74484.jpg
painting_171263.jpg,painting_42444.jpg,print_83997.jpg
painting_172.jpg,painting_43446.jpg,print_134837.jpg
painting_176359.jpg,painting_92996.jpg,drawing_76232.jpg
painting_176558.jpg,painting_19.jpg,print_48965.jpg
painting_176888.jpg,painting_158097.jpg,drawing_208702.jpg
painting_177073.jpg,painting_42284.jpg,drawing_73844.jpg
painting_177526.jpg,painting_34096.jpg,drawing_181061.jpg
painting_177911.jpg,painting_1131.jpg,print_2811.jpg
painting_19.jpg,painting_78.jpg,drawing_208698.jpg
painting_195727.jpg,painting_50722.jpg,print_8637.jpg
painting_204092.jpg,painting_1168.jpg,print_52439.jpg
painting_204747.jpg,painting_171260.jpg,drawing_65020.jpg
painting_205907.jpg,painting_44.jpg,print_66239.jpg
painting_206066.jpg,painting_1177.jpg,print_38578.jpg
painting_21.jpg,painting_1121.jpg,drawing_72069.jpg
painting_22.jpg,painting_49.jpg,drawing_161778.jpg
painting_220938.jpg,painting_172.jpg,print_39809.jpg
painting_223873.jpg,painting_46063.jpg,print_117674.jpg
painting_224391.jpg,painting_46158.jpg,drawing_59974.jpg
painting_228065.jpg,painting_41681.jpg,print_143193.jpg
painting_228852.jpg,painting_42911.jpg,drawing_65120.jpg
painting_239.jpg,painting_46587.jpg,print_38994.jpg
painting_243.jpg,painting_3202.jpg,drawing_73847.jpg
painting_25.jpg,painting_46500.jpg,print_110345.jpg
painting_3199.jpg,painting_46120.jpg,drawing_112456.jpg
painting_320.jpg,painting_59.jpg,drawing_223183.jpg
painting_3202.jpg,painting_228065.jpg,print_65881.jpg
painting_3209.jpg,painting_176558.jpg,print_48515.jpg
painting_323.jpg,painting_46587.jpg,print_226751.jpg
painting_32682.jpg,painting_47181.jpg,drawing_64535.jpg
painting_32695.jpg,painting_52257.jpg,drawing_71541.jpg
painting_33246.jpg,painting_59.jpg,drawing_58948.jpg
painting_33255.jpg,painting_33246.jpg,print_145438.jpg
painting_33752.jpg,painting_3209.jpg,print_226965.jpg
painting_34049.jpg,painting_93000.jpg,drawing_71541.jpg
painting_34070.jpg,painting_42398.jpg,print_217281.jpg
painting_34072.jpg,painting_47181.jpg,print_43484.jpg
painting_34079.jpg,painting_92991.jpg,drawing_181181.jpg
painting_34081.jpg,painting_93000.jpg,print_43488.jpg
painting_34082.jpg,painting_16.jpg,print_10053.jpg
painting_34083.jpg,painting_171263.jpg,drawing_48551.jpg
painting_34085.jpg,painting_46628.jpg,drawing_68864.jpg
painting_34092.jpg,painting_38.jpg,drawing_70187.jpg
painting_34096.jpg,painting_16.jpg,drawing_122659.jpg
painting_34102.jpg,painting_100870.jpg,print_37678.jpg
painting_34106.jpg,painting_45887.jpg,drawing_69230.jpg
painting_34117.jpg,painting_46158.jpg,drawing_161778.jpg
painting_34124.jpg,painting_52257.jpg,drawing_122646.jpg
painting_34130.jpg,painting_46158.jpg,drawing_59324.jpg
painting_34135.jpg,painting_228065.jpg,print_3500.jpg
painting_34136.jpg,painting_206066.jpg,print_11815.jpg
painting_34143.jpg,painting_166431.jpg,drawing_110412.jpg
painting_34146.jpg,painting_45886.jpg,drawing_208702.jpg
painting_34147.jpg,painting_398.jpg,print_33660.jpg
painting_34148.jpg,painting_158097.jpg,drawing_57061.jpg
painting_34160.jpg,painting_92991.jpg,drawing_10536.jpg
painting_34163.jpg,painting_51096.jpg,drawing_61177.jpg
painting_36.jpg,painting_34092.jpg,print_40153.jpg
painting_37003.jpg,painting_34079.jpg,print_110376.jpg
painting_371.jpg,painting_41681.jpg,drawing_70324.jpg
painting_37636.jpg,painting_46117.jpg,print_73586.jpg
painting_38.jpg,painting_41681.jpg,print_40135.jpg
painting_395.jpg,painting_34096.jpg,print_134837.jpg
painting_39729.jpg,painting_565.jpg,drawing_57787.jpg
painting_398.jpg,painting_92996.jpg,print_8561.jpg
painting_399.jpg,painting_12208.jpg,drawing_208712.jpg
painting_406.jpg,painting_171263.jpg,drawing_138591.jpg
painting_41584.jpg,painting_42911.jpg,drawing_122651.jpg
painting_41591.jpg,painting_46484.jpg,drawing_58830.jpg
painting_41600.jpg,painting_220938.jpg,drawing_138591.jpg
painting_41681.jpg,painting_42485.jpg,drawing_65084.jpg
painting_41686.jpg,painting_1206.jpg,print_62750.jpg
painting_41689.jpg,painting_46117.jpg,print_162927.jpg
painting_41726.jpg,painting_46178.jpg,print_60949.jpg
painting_42284.jpg,painting_34102.jpg,print_74313.jpg
painting_42398.jpg,painting_59930.jpg,drawing_64990.jpg
painting_42411.jpg,painting_320.jpg,print_39078.jpg
painting_42425.jpg,painting_206066.jpg,drawing_37013.jpg
painting_42444.jpg,painting_154543.jpg,print_147830.jpg
painting_42485.jpg,painting_501.jpg,drawing_70460.jpg
painting_42486.jpg,painting_34124.jpg,print_57579.jpg
painting_42911.jpg,painting_121105.jpg,drawing_122645.jpg
painting_42917.jpg,painting_42485.jpg,drawing_65037.jpg
painting_43445.jpg,painting_3209.jpg,drawing_68893.jpg
painting_43446.jpg,painting_243.jpg,drawing_68948.jpg
painting_43515.jpg,painting_34135.jpg,print_145077.jpg
painting_43597.jpg,painting_46153.jpg,drawing_56986.jpg
painting_43626.jpg,painting_46025.jpg,drawing_138656.jpg
painting_437.jpg,painting_176888.jpg,drawing_109395.jpg
painting_44.jpg,painting_1168.jpg,drawing_208698.jpg
painting_45879.jpg,painting_56231.jpg,print_73408.jpg
painting_45886.jpg,painting_34085.jpg,print_10036.jpg
painting_45887.jpg,painting_46110.jpg,print_74313.jpg
painting_46025.jpg,painting_134427.jpg,print_131480.jpg
painting_46052.jpg,painting_106382.jpg,print_67769.jpg
painting_46063.jpg,painting_177911.jpg,drawing_181061.jpg
painting_46095.jpg,painting_46153.jpg,print_117819.jpg
painting_46109.jpg,painting_66418.jpg,drawing_68893.jpg
painting_46110.jpg,painting_134427.jpg,print_145305.jpg
painting_46117.jpg,painting_46153.jpg,print_70353.jpg
painting_46120.jpg,painting_1121.jpg,print_10477.jpg
painting_46125.jpg,painting_50824.jpg,print_9930.jpg
painting_46137.jpg,painting_34081.jpg,drawing_65810.jpg
painting_46153.jpg,painting_34117.jpg,print_55733.jpg
painting_46156.jpg,painting_59930.jpg,print_145076.jpg
painting_46158.jpg,painting_65606.jpg,print_110376.jpg
painting_46165.jpg,painting_406.jpg,print_40277.jpg
painting_46178.jpg,painting_3209.jpg,drawing_225274.jpg
painting_46440.jpg,painting_205907.jpg,drawing_65018.jpg
painting_46482.jpg,painting_41681.jpg,drawing_227882.jpg
painting_46484.jpg,painting_74.jpg,print_43485.jpg
painting_46490.jpg,painting_41591.jpg,drawing_143814.jpg
painting_46496.jpg,painting_52380.jpg,print_147127.jpg
painting_46500.jpg,painting_42917.jpg,drawing_110412.jpg
painting_46518.jpg,painting_22.jpg,print_9857.jpg
painting_46587.jpg,painting_50722.jpg,print_9834.jpg
painting_46593.jpg,painting_46153.jpg,drawing_208696.jpg
painting_46620.jpg,painting_42911.jpg,print_74734.jpg
painting_46625.jpg,painting_1207.jpg,drawing_65772.jpg
painting_46628.jpg,painting_72072.jpg,drawing_181181.jpg
painting_46691.jpg,painting_34148.jpg,print_121156.jpg
painting_47181.jpg,painting_42411.jpg,print_9996.jpg
painting_49.jpg,painting_46158.jpg,print_36922.jpg
painting_497.jpg,painting_33255.jpg,print_8909.jpg
painting_499.jpg,painting_243.jpg,drawing_184237.jpg
painting_501.jpg,painting_399.jpg,drawing_65474.jpg
painting_50293.jpg,painting_53.jpg,drawing_64696.jpg
painting_50492.jpg,painting_59907.jpg,print_57580.jpg
painting_50722.jpg,painting_42486.jpg,print_74487.jpg
painting_50823.jpg,painting_52257.jpg,print_8216.jpg
painting_50824.jpg,painting_46137.jpg,drawing_225274.jpg
painting_51.jpg,painting_43597.jpg,print_162998.jpg
painting_51096.jpg,painting_32695.jpg,print_74454.jpg
painting_52257.jpg,painting_65606.jpg,print_10477.jpg
painting_52380.jpg,painting_1190.jpg,drawing_139227.jpg
painting_53.jpg,painting_34136.jpg,print_217286.jpg
painting_56231.jpg,painting_59893.jpg,print_73403.jpg
painting_565.jpg,painting_78.jpg,print_153734.jpg
painting_570.jpg,painting_108661.jpg,drawing_65084.jpg
painting_573.jpg,painting_100870.jpg,drawing_163361.jpg
painting_59.jpg,painting_53.jpg,drawing_207848.jpg
painting_59893.jpg,painting_128004.jpg,print_74472.jpg
painting_59907.jpg,painting_41591.jpg,drawing_57021.jpg
painting_59929.jpg,painting_1206.jpg,drawing_64535.jpg
painting_59930.jpg,painting_1190.jpg,drawing_143857.jpg
painting_65606.jpg,painting_37003.jpg,print_10036.jpg
painting_66418.jpg,painting_398.jpg,print_8909.jpg
painting_67384.jpg,painting_34124.jpg,print_148710.jpg
painting_67401.jpg,painting_499.jpg,print_46873.jpg
painting_72072.jpg,painting_47181.jpg,print_9966.jpg
painting_73.jpg,painting_42411.jpg,drawing_112531.jpg
painting_74.jpg,painting_46178.jpg,print_79399.jpg
painting_75.jpg,painting_46052.jpg,print_58812.jpg
painting_78.jpg,painting_176558.jpg,print_224207.jpg
painting_79.jpg,painting_42398.jpg,drawing_64845.jpg
painting_89.jpg,painting_38.jpg,print_3352.jpg
painting_92215.jpg,painting_32695.jpg,print_34042.jpg
painting_92991.jpg,painting_42911.jpg,print_78821.jpg
painting_92994.jpg,painting_118611.jpg,drawing_65810.jpg
painting_92996.jpg,painting_89.jpg,print_147830.jpg
painting_93000.jpg,painting_176359.jpg,print_119949.jpg
painting_98467.jpg,painting_41600.jpg,drawing_73861.jpg
painting_98593.jpg,painting_92215.jpg,drawing_208694.jpg
painting_98594.jpg,painting_177526.jpg,drawing_64867.jpg
print_10036.jpg,print_40933.jpg,painting_45886.jpg
print_10052.jpg,print_72783.jpg,painting_34130.jpg
print_10053.jpg,print_10345.jpg,painting_32682.jpg
print_10060.jpg,print_11410.jpg,drawing_109394.jpg
print_10105.jpg,print_42628.jpg,drawing_208696.jpg
print_10337.jpg,print_208389.jpg,drawing_57134.jpg
print_10345.jpg,print_10388.jpg,drawing_61177.jpg
print_10347.jpg,print_74027.jpg,drawing_97833.jpg
print_10351.jpg,print_73408.jpg,painting_19.jpg
print_10362.jpg,print_47521.jpg,drawing_64868.jpg
print_10388.jpg,print_145305.jpg,drawing_64826.jpg
print_10477.jpg,print_227007.jpg,drawing_52291.jpg
print_10492.jpg,print_207581.jpg,drawing_56986.jpg
print_10496.jpg,print_222459.jpg,drawing_184237.jpg
print_10526.jpg,print_221656.jpg,painting_228065.jpg
print_105327.jpg,print_148742.jpg,drawing_143834.jpg
print_105328.jpg,print_36921.jpg,painting_128004.jpg
print_105329.jpg,print_37694.jpg,painting_43515.jpg
print_105330.jpg,print_38769.jpg,drawing_208691.jpg
print_105331.jpg,print_74458.jpg,drawing_69097.jpg
print_105332.jpg,print_129269.jpg,drawing_208697.jpg
print_106707.jpg,print_162944.jpg,painting_51096.jpg
print_107256.jpg,print_33783.jpg,drawing_47100.jpg
print_10746.jpg,print_11573.jpg,painting_204747.jpg
print_10859.jpg,print_121906.jpg,drawing_11314.jpg
print_109877.jpg,print_222929.jpg,painting_42911.jpg
print_110345.jpg,print_50231.jpg,painting_67384.jpg
print_110376.jpg,print_9838.jpg,painting_51.jpg
print_110487.jpg,print_60949.jpg,drawing_158359.jpg
print_110685.jpg,print_8065.jpg,drawing_62963.jpg
print_110693.jpg,print_157137.jpg,drawing_150829.jpg
print_110834.jpg,print_57678.jpg,painting_46628.jpg
print_110848.jpg,print_117157.jpg,painting_399.jpg
print_111252.jpg,print_62174.jpg,drawing_53382.jpg
print_11232.jpg,print_162927.jpg,drawing_112451.jpg
print_11270.jpg,print_74464.jpg,drawing_45991.jpg
print_11292.jpg,print_8637.jpg,painting_46052.jpg
print_11410.jpg,print_41282.jpg,painting_41591.jpg
print_11436.jpg,print_153765.jpg,painting_399.jpg
print_11542.jpg,print_8382.jpg,drawing_143814.jpg
print_11573.jpg,print_171612.jpg,drawing_73844.jpg
print_11590.jpg,print_171612.jpg,drawing_65483.jpg
print_11626.jpg,print_58509.jpg,drawing_122659.jpg
print_117157.jpg,print_41200.jpg,drawing_68807.jpg
print_117674.jpg,print_105328.jpg,painting_34163.jpg
print_117818.jpg,print_8382.jpg,drawing_227487.jpg
print_117819.jpg,print_123666.jpg,painting_33246.jpg
print_11814.jpg,print_9836.jpg,painting_79.jpg
print_11815.jpg,print_148399.jpg,painting_570.jpg
print_118780.jpg,print_73933.jpg,painting_98467.jpg
print_119895.jpg,print_137895.jpg,drawing_208710.jpg
print_119949.jpg,print_39073.jpg,drawing_215338.jpg
print_121156.jpg,print_145762.jpg,drawing_208704.jpg
print_121162.jpg,print_145438.jpg,drawing_225274.jpg
print_121906.jpg,print_11626.jpg,painting_34135.jpg
print_123597.jpg,print_148338.jpg,drawing_64695.jpg
print_123620.jpg,print_40075.jpg,painting_37003.jpg
print_123631.jpg,print_78866.jpg,painting_46518.jpg
print_123666.jpg,print_7391.jpg,painting_34092.jpg
print_123667.jpg,print_140988.jpg,painting_46482.jpg
print_123670.jpg,print_169684.jpg,painting_158097.jpg
print_126944.jpg,print_57678.jpg,painting_570.jpg
print_129269.jpg,print_93033.jpg,painting_53.jpg
print_131480.jpg,print_4318.jpg,painting_176359.jpg
print_131856.jpg,print_150524.jpg,painting_46587.jpg
print_131859.jpg,print_78821.jpg,drawing_65860.jpg
print_131865.jpg,print_70814.jpg,drawing_207848.jpg
print_134836.jpg,print_74470.jpg,painting_3199.jpg
print_134837.jpg,print_39538.jpg,drawing_75827.jpg
print_137894.jpg,print_171612.jpg,drawing_71463.jpg
print_137895.jpg,print_40168.jpg,painting_67384.jpg
print_139545.jpg,print_7005.jpg,painting_46625.jpg
print_139756.jpg,print_58806.jpg,painting_34079.jpg
print_140988.jpg,print_207574.jpg,painting_3202.jpg
print_141208.jpg,print_60950.jpg,drawing_68604.jpg
print_141826.jpg,print_148252.jpg,drawing_68604.jpg
print_143193.jpg,print_74447.jpg,drawing_57134.jpg
print_143395.jpg,print_57579.jpg,painting_32682.jpg
print_144200.jpg,print_57578.jpg,drawing_138657.jpg
print_144209.jpg,print_74752.jpg,drawing_214190.jpg
print_144227.jpg,print_43488.jpg,drawing_64759.jpg
print_144267.jpg,print_144200.jpg,painting_46178.jpg
print_144976.jpg,print_4640.jpg,drawing_53382.jpg
print_145027.jpg,print_162927.jpg,painting_34102.jpg
print_145076.jpg,print_39564.jpg,painting_573.jpg
print_145077.jpg,print_10053.jpg,drawing_48302.jpg
print_145164.jpg,print_145330.jpg,drawing_169190.jpg
print_145305.jpg,print_74447.jpg,drawing_56977.jpg
print_145330.jpg,print_41199.jpg,drawing_64695.jpg
print_145370.jpg,print_10496.jpg,painting_41726.jpg
print_145373.jpg,print_48194.jpg,painting_43626.jpg
print_145438.jpg,print_55730.jpg,drawing_214190.jpg
print_145580.jpg,print_42793.jpg,drawing_57787.jpg
print_145657.jpg,print_131856.jpg,drawing_68945.jpg
print_145761.jpg,print_55735.jpg,painting_323.jpg
print_145762.jpg,print_139756.jpg,painting_53.jpg
print_145843.jpg,print_34190.jpg,drawing_9844.jpg
print_145880.jpg,print_73724.jpg,painting_41591.jpg
print_145913.jpg,print_74447.jpg,painting_108661.jpg
print_145930.jpg,print_145761.jpg,drawing_65021.jpg
print_146002.jpg,print_148710.jpg,painting_50824.jpg
print_146185.jpg,print_43054.jpg,drawing_214159.jpg
print_146496.jpg,print_148792.jpg,painting_1190.jpg
print_146955.jpg,print_74739.jpg,drawing_75816.jpg
print_147127.jpg,print_222929.jpg,drawing_62963.jpg
print_147376.jpg,print_58917.jpg,drawing_64679.jpg
print_147503.jpg,print_210161.jpg,painting_497.jpg
print_147830.jpg,print_66239.jpg,painting_16.jpg
print_147834.jpg,print_222460.jpg,painting_37003.jpg
print_148015.jpg,print_42679.jpg,drawing_72923.jpg
print_148016.jpg,print_8063.jpg,painting_320.jpg
print_148251.jpg,print_57581.jpg,painting_42284.jpg
print_148252.jpg,print_9836.jpg,painting_46025.jpg
print_148265.jpg,print_64589.jpg,painting_46095.jpg
print_148338.jpg,print_78845.jpg,painting_22.jpg
print_148342.jpg,print_144209.jpg,drawing_71463.jpg
print_148349.jpg,print_10526.jpg,painting_46484.jpg
print_148399.jpg,print_47146.jpg,painting_3202.jpg
print_148710.jpg,print_65881.jpg,drawing_48551.jpg
print_148742.jpg,print_220963.jpg,drawing_138471.jpg
print_148792.jpg,print_74464.jpg,painting_176888.jpg
print_149081.jpg,print_176246.jpg,drawing_53147.jpg
print_149090.jpg,print_73723.jpg,painting_501.jpg
print_150524.jpg,print_40051.jpg,painting_46620.jpg
print_150527.jpg,print_58806.jpg,drawing_225274.jpg
print_153564.jpg,print_39426.jpg,drawing_128495.jpg
print_153599.jpg,print_153635.jpg,drawing_8139.jpg
print_153608.jpg,print_8561.jpg,drawing_196209.jpg
print_153632.jpg,print_86075.jpg,drawing_64679.jpg
print_153633.jpg,print_8218.jpg,painting_177526.jpg
print_153634.jpg,print_117819.jpg,painting_106382.jpg
print_153635.jpg,print_9848.jpg,drawing_225275.jpg
print_153636.jpg,print_145373.jpg,drawing_69201.jpg
print_153637.jpg,print_57580.jpg,drawing_180541.jpg
print_153644.jpg,print_8210.jpg,drawing_223717.jpg
print_153645.jpg,print_162915.jpg,painting_34070.jpg
print_153712.jpg,print_119949.jpg,drawing_69097.jpg
print_153717.jpg,print_39426.jpg,drawing_223181.jpg
print_153734.jpg,print_144209.jpg,drawing_69069.jpg
print_153765.jpg,print_153645.jpg,painting_41600.jpg
print_153766.jpg,print_74443.jpg,painting_12208.jpg
print_153867.jpg,print_176246.jpg,painting_51096.jpg
print_153889.jpg,print_78866.jpg,drawing_138471.jpg
print_153891.jpg,print_225875.jpg,drawing_63137.jpg
print_153987.jpg,print_86075.jpg,drawing_208712.jpg
print_154244.jpg,print_74447.jpg,drawing_61177.jpg
print_154412.jpg,print_38769.jpg,painting_108661.jpg
print_155382.jpg,print_153766.jpg,painting_42444.jpg
print_156026.jpg,print_9848.jpg,painting_46628.jpg
print_156730.jpg,print_217286.jpg,drawing_56986.jpg
print_157101.jpg,print_162944.jpg,drawing_64932.jpg
print_157137.jpg,print_105331.jpg,painting_46620.jpg
print_157142.jpg,print_33783.jpg,painting_34146.jpg
print_160564.jpg,print_40136.jpg,painting_100870.jpg
print_160880.jpg,print_58184.jpg,painting_171260.jpg
print_161116.jpg,print_74463.jpg,painting_106382.jpg
print_161708.jpg,print_144227.jpg,painting_33752.jpg
print_161888.jpg,print_8215.jpg,drawing_223183.jpg
print_162908.jpg,print_41199.jpg,drawing_208691.jpg
print_162909.jpg,print_57579.jpg,drawing_224917.jpg
print_162915.jpg,print_224207.jpg,painting_73.jpg
print_162926.jpg,print_8198.jpg,painting_1099.jpg
print_162927.jpg,print_216139.jpg,painting_565.jpg
print_162944.jpg,print_8909.jpg,painting_46490.jpg
print_162998.jpg,print_8382.jpg,drawing_73412.jpg
print_164707.jpg,print_74752.jpg,painting_176558.jpg
print_169121.jpg,print_37682.jpg,painting_46156.jpg
print_169539.jpg,print_72783.jpg,drawing_214139.jpg
print_169562.jpg,print_54099.jpg,painting_371.jpg
print_169568.jpg,print_145880.jpg,painting_573.jpg
print_169684.jpg,print_49816.jpg,drawing_65080.jpg
print_169928.jpg,print_183655.jpg,drawing_68681.jpg
print_171612.jpg,print_58509.jpg,painting_395.jpg
print_176246.jpg,print_37655.jpg,painting_41591.jpg
print_183203.jpg,print_40136.jpg,drawing_73844.jpg
print_183655.jpg,print_144976.jpg,painting_3199.jpg
print_196505.jpg,print_148399.jpg,painting_34160.jpg
print_196544.jpg,print_74470.jpg,drawing_64963.jpg
print_196545.jpg,print_78845.jpg,painting_45887.jpg
print_200081.jpg,print_40615.jpg,painting_59893.jpg
print_202952.jpg,print_37117.jpg,painting_1190.jpg
print_206702.jpg,print_8021.jpg,drawing_64812.jpg
print_207574.jpg,print_148349.jpg,drawing_75750.jpg
print_207581.jpg,print_73911.jpg,drawing_61446.jpg
print_207584.jpg,print_225261.jpg,drawing_150829.jpg
print_207593.jpg,print_222927.jpg,painting_36.jpg
print_207612.jpg,print_74452.jpg,drawing_65810.jpg
print_208082.jpg,print_161888.jpg,painting_34096.jpg
print_208097.jpg,print_146002.jpg,drawing_59944.jpg
print_208389.jpg,print_11815.jpg,drawing_208702.jpg
print_210161.jpg,print_33348.jpg,painting_92991.jpg
print_210340.jpg,print_148265.jpg,drawing_65117.jpg
print_212636.jpg,print_200081.jpg,painting_1235.jpg
print_216139.jpg,print_74487.jpg,drawing_61177.jpg
print_217279.jpg,print_137894.jpg,drawing_208691.jpg
print_217281.jpg,print_144227.jpg,painting_46490.jpg
print_217285.jpg,print_74486.jpg,painting_43597.jpg
print_217286.jpg,print_110487.jpg,drawing_64990.jpg
print_217287.jpg,print_55737.jpg,painting_220938.jpg
print_217288.jpg,print_39538.jpg,drawing_40054.jpg
print_217289.jpg,print_74464.jpg,painting_25.jpg
print_219293.jpg,print_161708.jpg,drawing_64698.jpg
print_220963.jpg,print_73810.jpg,drawing_65266.jpg
print_221616.jpg,print_41198.jpg,painting_22.jpg
print_221656.jpg,print_149090.jpg,painting_46137.jpg
print_222268.jpg,print_153608.jpg,painting_398.jpg
print_222457.jpg,print_43038.jpg,drawing_208705.jpg
print_222458.jpg,print_110376.jpg,drawing_10536.jpg
print_222459.jpg,print_145438.jpg,painting_51.jpg
print_222460.jpg,print_37679.jpg,drawing_48302.jpg
print_222820.jpg,print_162908.jpg,painting_51.jpg
print_222868.jpg,print_10526.jpg,drawing_122296.jpg
print_222922.jpg,print_74477.jpg,painting_570.jpg
print_222924.jpg,print_39505.jpg,drawing_110412.jpg
print_222926.jpg,print_147503.jpg,drawing_64759.jpg
print_222927.jpg,print_8182.jpg,drawing_64535.jpg
print_222928.jpg,print_56287.jpg,painting_93000.jpg
print_222929.jpg,print_86075.jpg,drawing_64845.jpg
print_223452.jpg,print_149090.jpg,drawing_68893.jpg
print_223695.jpg,print_8215.jpg,painting_46052.jpg
print_224159.jpg,print_141208.jpg,painting_41591.jpg
print_224207.jpg,print_208097.jpg,painting_171263.jpg
print_225261.jpg,print_8382.jpg,painting_399.jpg
print_225592.jpg,print_8202.jpg,painting_1190.jpg
print_225593.jpg,print_153599.jpg,painting_46153.jpg
print_225875.jpg,print_48478.jpg,drawing_52296.jpg
print_226751.jpg,print_156730.jpg,drawing_93063.jpg
print_226965.jpg,print_74048.jpg,drawing_33814.jpg
print_227007.jpg,print_144976.jpg,drawing_68694.jpg
print_227883.jpg,print_55732.jpg,painting_42411.jpg
print_227886.jpg,print_34902.jpg,painting_38.jpg
print_2811.jpg,print_84039.jpg,drawing_48551.jpg
print_3009.jpg,print_222868.jpg,drawing_53537.jpg
print_30595.jpg,print_207574.jpg,drawing_154421.jpg
print_30725.jpg,print_39537.jpg,painting_499.jpg
print_30728.jpg,print_3529.jpg,painting_158097.jpg
print_30815.jpg,print_146955.jpg,painting_1208.jpg
print_32661.jpg,print_10388.jpg,painting_195727.jpg
print_32674.jpg,print_74464.jpg,drawing_68807.jpg
print_32780.jpg,print_225592.jpg,drawing_75748.jpg
print_32952.jpg,print_73723.jpg,painting_92991.jpg
print_3311.jpg,print_153645.jpg,drawing_196209.jpg
print_33271.jpg,print_62886.jpg,painting_323.jpg
print_33348.jpg,print_154412.jpg,drawing_68945.jpg
print_33495.jpg,print_11436.jpg,drawing_69116.jpg
print_33496.jpg,print_160880.jpg,painting_46156.jpg
print_3352.jpg,print_225592.jpg,drawing_64738.jpg
print_33633.jpg,print_55647.jpg,drawing_58830.jpg
print_33660.jpg,print_9833.jpg,drawing_143807.jpg
print_33783.jpg,print_73933.jpg,painting_46153.jpg
print_33784.jpg,print_39591.jpg,drawing_68865.jpg
print_34040.jpg,print_162944.jpg,drawing_39588.jpg
print_34041.jpg,print_222460.jpg,painting_228065.jpg
print_34042.jpg,print_74734.jpg,painting_33752.jpg
print_34190.jpg,print_9848.jpg,painting_223873.jpg
print_34191.jpg,print_153599.jpg,drawing_175343.jpg
print_34192.jpg,print_74477.jpg,drawing_208713.jpg
print_34902.jpg,print_62748.jpg,painting_45879.jpg
print_34953.jpg,print_38205.jpg,painting_1209.jpg
print_3500.jpg,print_69960.jpg,drawing_57039.jpg
print_35136.jpg,print_48194.jpg,painting_34085.jpg
print_3529.jpg,print_153637.jpg,painting_42444.jpg
print_36921.jpg,print_9836.jpg,painting_3202.jpg
print_36922.jpg,print_6985.jpg,painting_79.jpg
print_36984.jpg,print_55733.jpg,drawing_131854.jpg
print_37117.jpg,print_153644.jpg,painting_228065.jpg
print_37655.jpg,print_222926.jpg,painting_46496.jpg
print_37678.jpg,print_33271.jpg,painting_34092.jpg
print_37679.jpg,print_59065.jpg,painting_1208.jpg
print_37682.jpg,print_11410.jpg,drawing_64979.jpg
print_37684.jpg,print_8210.jpg,painting_45887.jpg
print_37685.jpg,print_4318.jpg,painting_42917.jpg
print_37686.jpg,print_145880.jpg,drawing_57062.jpg
print_37688.jpg,print_9857.jpg,painting_171263.jpg
print_37690.jpg,print_153564.jpg,painting_34160.jpg
print_37692.jpg,print_43054.jpg,painting_53.jpg
print_37694.jpg,print_144976.jpg,painting_72072.jpg
print_38205.jpg,print_8215.jpg,painting_92991.jpg
print_38382.jpg,print_40168.jpg,drawing_65117.jpg
print_38548.jpg,print_62174.jpg,painting_50293.jpg
print_38578.jpg,print_11815.jpg,drawing_65074.jpg
print_38657.jpg,print_55732.jpg,drawing_65810.jpg
print_38769.jpg,print_147127.jpg,drawing_161778.jpg
print_38952.jpg,print_71297.jpg,drawing_212015.jpg
print_38994.jpg,print_58806.jpg,painting_98594.jpg
print_39039.jpg,print_38578.jpg,drawing_117751.jpg
print_39051.jpg,print_153608.jpg,painting_501.jpg
print_39070.jpg,print_33633.jpg,painting_46490.jpg
print_39073.jpg,print_145438.jpg,painting_50492.jpg
print_39078.jpg,print_95362.jpg,painting_34160.jpg
print_39115.jpg,print_74481.jpg,drawing_69201.jpg
print_39214.jpg,print_39039.jpg,drawing_210093.jpg
print_39426.jpg,print_9839.jpg,painting_34136.jpg
print_39505.jpg,print_36922.jpg,painting_46120.jpg
print_39537.jpg,print_95362.jpg,drawing_74243.jpg
print_39538.jpg,print_74027.jpg,painting_1131.jpg
print_39539.jpg,print_9857.jpg,painting_46165.jpg
print_39564.jpg,print_227883.jpg,drawing_63182.jpg
print_39591.jpg,print_40237.jpg,drawing_138591.jpg
print_39807.jpg,print_36984.jpg,drawing_65034.jpg
print_39809.jpg,print_223452.jpg,drawing_150827.jpg
print_40049.jpg,print_71292.jpg,drawing_173839.jpg
print_40051.jpg,print_48965.jpg,drawing_65489.jpg
print_40075.jpg,print_36921.jpg,painting_37636.jpg
print_40078.jpg,print_36984.jpg,drawing_65072.jpg
print_40135.jpg,print_169684.jpg,painting_42425.jpg
print_40136.jpg,print_56626.jpg,painting_220938.jpg
print_40137.jpg,print_55735.jpg,drawing_43028.jpg
print_40153.jpg,print_222922.jpg,drawing_212015.jpg
print_40168.jpg,print_33496.jpg,drawing_52302.jpg
print_40170.jpg,print_37117.jpg,painting_41689.jpg
print_40175.jpg,print_40226.jpg,painting_1208.jpg
print_40179.jpg,print_37682.jpg,drawing_65314.jpg
print_40210.jpg,print_6984.jpg,painting_34082.jpg
print_40225.jpg,print_150527.jpg,painting_34136.jpg
print_40226.jpg,print_74454.jpg,painting_228852.jpg
print_40237.jpg,print_62750.jpg,painting_42485.jpg
print_40277.jpg,print_208082.jpg,painting_78.jpg
print_40308.jpg,print_74476.jpg,painting_42444.jpg
print_40615.jpg,print_123667.jpg,painting_406.jpg
print_40933.jpg,print_217288.jpg,painting_34083.jpg
print_40934.jpg,print_60950.jpg,painting_499.jpg
print_41147.jpg,print_206702.jpg,drawing_143681.jpg
print_41192.jpg,print_57580.jpg,painting_46137.jpg
print_41193.jpg,print_47832.jpg,painting_176359.jpg
print_41194.jpg,print_43088.jpg,drawing_56313.jpg
print_41195.jpg,print_6478.jpg,drawing_50666.jpg
print_41196.jpg,print_156026.jpg,drawing_184136.jpg
print_41197.jpg,print_148792.jpg,painting_111757.jpg
print_41198.jpg,print_40136.jpg,painting_3209.jpg
print_41199.jpg,print_86075.jpg,drawing_120629.jpg
print_41200.jpg,print_39115.jpg,painting_34147.jpg
print_41282.jpg,print_9931.jpg,painting_72072.jpg
print_41553.jpg,print_30728.jpg,painting_1207.jpg
print_42015.jpg,print_219293.jpg,drawing_75750.jpg
print_42384.jpg,print_37690.jpg,drawing_63096.jpg
print_42568.jpg,print_74048.jpg,painting_46587.jpg
print_42628.jpg,print_8202.jpg,painting_177911.jpg
print_42668.jpg,print_5475.jpg,painting_43597.jpg
print_42679.jpg,print_55735.jpg,painting_46158.jpg
print_42793.jpg,print_153765.jpg,drawing_122646.jpg
print_43038.jpg,print_74002.jpg,drawing_69116.jpg
print_43054.jpg,print_131856.jpg,drawing_65018.jpg
print_43088.jpg,print_144267.jpg,drawing_208703.jpg
print_4318.jpg,print_41282.jpg,painting_46500.jpg
print_43409.jpg,print_43484.jpg,drawing_212015.jpg
print_43410.jpg,print_11590.jpg,painting_22.jpg
print_43484.jpg,print_40168.jpg,painting_399.jpg
print_43485.jpg,print_105327.jpg,painting_46628.jpg
print_43488.jpg,print_9966.jpg,drawing_75748.jpg
print_4546.jpg,print_41199.jpg,drawing_70387.jpg
print_45660.jpg,print_145913.jpg,painting_65606.jpg
print_45721.jpg,print_196544.jpg,drawing_143833.jpg
print_4631.jpg,print_10746.jpg,painting_34102.jpg
print_4640.jpg,print_34040.jpg,drawing_52302.jpg
print_4646.jpg,print_3009.jpg,painting_129282.jpg
print_46871.jpg,print_37685.jpg,drawing_150838.jpg
print_46873.jpg,print_37690.jpg,drawing_75750.jpg
print_46958.jpg,print_69960.jpg,drawing_45991.jpg
print_47146.jpg,print_222928.jpg,painting_47181.jpg
print_47521.jpg,print_39073.jpg,drawing_48302.jpg
print_47832.jpg,print_145930.jpg,painting_1206.jpg
print_48091.jpg,print_7005.jpg,painting_67401.jpg
print_48194.jpg,print_11590.jpg,drawing_122646.jpg
print_48309.jpg,print_217287.jpg,painting_121105.jpg
print_48350.jpg,print_74460.jpg,drawing_131873.jpg
print_48478.jpg,print_148399.jpg,painting_46165.jpg
print_48506.jpg,print_74485.jpg,painting_42444.jpg
print_48515.jpg,print_110487.jpg,drawing_70460.jpg
print_48964.jpg,print_59483.jpg,drawing_112526.jpg
print_48965.jpg,print_30815.jpg,drawing_69117.jpg
print_49012.jpg,print_11270.jpg,painting_46095.jpg
print_49602.jpg,print_148710.jpg,painting_1208.jpg
print_49816.jpg,print_8208.jpg,drawing_50904.jpg
print_50231.jpg,print_147503.jpg,painting_98467.jpg
print_50715.jpg,print_60950.jpg,drawing_8139.jpg
print_50793.jpg,print_39539.jpg,drawing_185015.jpg
print_52439.jpg,print_79399.jpg,painting_499.jpg
print_52482.jpg,print_59741.jpg,painting_41584.jpg
print_5289.jpg,print_153637.jpg,drawing_208707.jpg
print_53040.jpg,print_74477.jpg,painting_177911.jpg
print_54057.jpg,print_162926.jpg,painting_41584.jpg
print_54099.jpg,print_58806.jpg,painting_19.jpg
print_54447.jpg,print_55736.jpg,painting_51.jpg
print_5475.jpg,print_148338.jpg,painting_22.jpg
print_55647.jpg,print_146002.jpg,painting_34079.jpg
print_55730.jpg,print_123670.jpg,painting_43446.jpg
print_55731.jpg,print_74471.jpg,painting_565.jpg
print_55732.jpg,print_121162.jpg,drawing_110412.jpg
print_55733.jpg,print_45660.jpg,painting_50824.jpg
print_55734.jpg,print_139545.jpg,drawing_150829.jpg
print_55735.jpg,print_74481.jpg,painting_12201.jpg
print_55736.jpg,print_57600.jpg,painting_50823.jpg
print_55737.jpg,print_9835.jpg,painting_46500.jpg
print_55796.jpg,print_224207.jpg,drawing_56977.jpg
print_56287.jpg,print_55647.jpg,painting_205907.jpg
print_56437.jpg,print_153636.jpg,drawing_92207.jpg
print_56626.jpg,print_42384.jpg,drawing_62310.jpg
print_56656.jpg,print_45721.jpg,drawing_65076.jpg
print_56797.jpg,print_57579.jpg,painting_1177.jpg
print_57578.jpg,print_62752.jpg,drawing_208708.jpg
print_57579.jpg,print_9841.jpg,drawing_64841.jpg
print_57580.jpg,print_43088.jpg,painting_98467.jpg
print_57581.jpg,print_156026.jpg,painting_37636.jpg
print_57595.jpg,print_145880.jpg,painting_36.jpg
print_57600.jpg,print_208389.jpg,painting_323.jpg
print_57678.jpg,print_153564.jpg,drawing_73861.jpg
print_57679.jpg,print_69538.jpg,drawing_207608.jpg
print_57957.jpg,print_48478.jpg,drawing_66773.jpg
print_57958.jpg,print_10105.jpg,painting_46691.jpg
print_58184.jpg,print_8206.jpg,painting_46095.jpg
print_58509.jpg,print_74753.jpg,painting_177073.jpg
print_58776.jpg,print_226751.jpg,painting_46178.jpg
print_58806.jpg,print_8222.jpg,painting_33246.jpg
print_58812.jpg,print_226751.jpg,painting_398.jpg
print_58917.jpg,print_139545.jpg,painting_12208.jpg
print_59065.jpg,print_74477.jpg,painting_177911.jpg
print_59119.jpg,print_207612.jpg,drawing_56986.jpg
print_59470.jpg,print_183203.jpg,painting_41584.jpg
print_59483.jpg,print_73810.jpg,painting_59907.jpg
print_59741.jpg,print_106707.jpg,drawing_78659.jpg
print_60949.jpg,print_11410.jpg,drawing_210093.jpg
print_60950.jpg,print_40153.jpg,drawing_58226.jpg
print_61234.jpg,print_78865.jpg,drawing_219304.jpg
print_61934.jpg,print_137895.jpg,painting_1186.jpg
print_62174.jpg,print_39564.jpg,drawing_76232.jpg
print_62318.jpg,print_9838.jpg,drawing_64978.jpg
print_62748.jpg,print_74454.jpg,painting_205907.jpg
print_62750.jpg,print_145930.jpg,drawing_216887.jpg
print_62752.jpg,print_145077.jpg,painting_52380.jpg
print_62822.jpg,print_37685.jpg,drawing_62963.jpg
print_62886.jpg,print_210161.jpg,painting_50492.jpg
print_64347.jpg,print_58509.jpg,drawing_71541.jpg
print_64589.jpg,print_39039.jpg,painting_1177.jpg
print_6478.jpg,print_33348.jpg,painting_46518.jpg
print_6559.jpg,print_10337.jpg,painting_176558.jpg
print_65881.jpg,print_74466.jpg,painting_501.jpg
print_65901.jpg,print_83987.jpg,drawing_71463.jpg
print_65928.jpg,print_153634.jpg,drawing_69086.jpg
print_66239.jpg,print_155382.jpg,drawing_208713.jpg
print_66666.jpg,print_57578.jpg,drawing_97833.jpg
print_67769.jpg,print_74482.jpg,drawing_117751.jpg
print_6943.jpg,print_117674.jpg,drawing_69116.jpg
print_69538.jpg,print_162926.jpg,painting_46496.jpg
print_6983.jpg,print_8973.jpg,drawing_169190.jpg
print_6984.jpg,print_39070.jpg,painting_72072.jpg
print_6985.jpg,print_74463.jpg,painting_1208.jpg
print_6986.jpg,print_58806.jpg,drawing_64535.jpg
print_69960.jpg,print_153564.jpg,painting_1209.jpg
print_7005.jpg,print_37684.jpg,painting_43446.jpg
print_70053.jpg,print_34042.jpg,drawing_64759.jpg
print_70353.jpg,print_153867.jpg,drawing_100357.jpg
print_70370.jpg,print_11626.jpg,drawing_65810.jpg
print_70814.jpg,print_42568.jpg,drawing_52291.jpg
print_71292.jpg,print_117819.jpg,drawing_65314.jpg
print_71297.jpg,print_41282.jpg,drawing_208710.jpg
print_71310.jpg,print_48506.jpg,painting_43626.jpg
print_71885.jpg,print_227007.jpg,drawing_78659.jpg
print_72783.jpg,print_39538.jpg,painting_395.jpg
print_7321.jpg,print_8063.jpg,painting_41591.jpg
print_73359.jpg,print_119895.jpg,painting_42485.jpg
print_73403.jpg,print_8909.jpg,painting_158097.jpg
print_73408.jpg,print_74015.jpg,painting_47181.jpg
print_73409.jpg,print_109877.jpg,drawing_61446.jpg
print_73586.jpg,print_39073.jpg,painting_1095.jpg
print_7360.jpg,print_33784.jpg,drawing_75790.jpg
print_73723.jpg,print_148338.jpg,painting_499.jpg
print_73724.jpg,print_47521.jpg,drawing_207837.jpg
print_73810.jpg,print_33271.jpg,drawing_52291.jpg
print_7391.jpg,print_162915.jpg,painting_79.jpg
print_73911.jpg,print_223452.jpg,drawing_219304.jpg
print_73933.jpg,print_83987.jpg,painting_204747.jpg
print_74002.jpg,print_131856.jpg,drawing_65084.jpg
print_74015.jpg,print_121156.jpg,painting_41681.jpg
print_74027.jpg,print_148338.jpg,drawing_208705.jpg
print_74045.jpg,print_56797.jpg,drawing_46885.jpg
print_74046.jpg,print_145761.jpg,painting_50823.jpg
print_74047.jpg,print_56287.jpg,painting_16.jpg
print_74048.jpg,print_11270.jpg,drawing_75755.jpg
print_74051.jpg,print_153766.jpg,painting_34135.jpg
print_74064.jpg,print_74753.jpg,painting_46125.jpg
print_74080.jpg,print_30595.jpg,painting_1121.jpg
print_74313.jpg,print_43088.jpg,painting_129282.jpg
print_74435.jpg,print_41194.jpg,painting_43597.jpg
print_74439.jpg,print_58917.jpg,drawing_109393.jpg
print_74441.jpg,print_162908.jpg,drawing_180541.jpg
print_74443.jpg,print_40237.jpg,painting_3202.jpg
print_74444.jpg,print_55733.jpg,drawing_69086.jpg
print_74445.jpg,print_74047.jpg,drawing_143814.jpg
print_74447.jpg,print_134836.jpg,painting_42917.jpg
print_74448.jpg,print_55736.jpg,painting_12208.jpg
print_74450.jpg,print_148792.jpg,drawing_58226.jpg
print_74451.jpg,print_176246.jpg,painting_34106.jpg
print_74452.jpg,print_37692.jpg,drawing_64765.jpg
print_74454.jpg,print_39078.jpg,drawing_208690.jpg
print_74458.jpg,print_8637.jpg,painting_59930.jpg
print_74460.jpg,print_74739.jpg,painting_46625.jpg
print_74462.jpg,print_74817.jpg,painting_46025.jpg
print_74463.jpg,print_118780.jpg,drawing_68893.jpg
print_74464.jpg,print_39807.jpg,drawing_65021.jpg
print_74466.jpg,print_147834.jpg,painting_1095.jpg
print_74469.jpg,print_57595.jpg,drawing_216887.jpg
print_74470.jpg,print_38205.jpg,drawing_52296.jpg
print_74471.jpg,print_38578.jpg,painting_46178.jpg
print_74472.jpg,print_40237.jpg,drawing_208700.jpg
print_74473.jpg,print_145330.jpg,painting_45886.jpg
print_74474.jpg,print_10347.jpg,drawing_65717.jpg
print_74475.jpg,print_37682.jpg,painting_32682.jpg
print_74476.jpg,print_162926.jpg,drawing_184136.jpg
print_74477.jpg,print_30815.jpg,painting_128004.jpg
print_74480.jpg,print_118780.jpg,drawing_68694.jpg
print_74481.jpg,print_8973.jpg,painting_34160.jpg
print_74482.jpg,print_37686.jpg,drawing_208700.jpg
print_74483.jpg,print_10859.jpg,drawing_65118.jpg
print_74484.jpg,print_222927.jpg,drawing_59974.jpg
print_74485.jpg,print_227886.jpg,drawing_52296.jpg
print_74486.jpg,print_126944.jpg,drawing_100877.jpg
print_74487.jpg,print_10388.jpg,painting_371.jpg
print_74734.jpg,print_217288.jpg,drawing_55765.jpg
print_74737.jpg,print_4546.jpg,drawing_90273.jpg
print_74739.jpg,print_146185.jpg,drawing_65119.jpg
print_74740.jpg,print_8210.jpg,painting_34130.jpg
print_74752.jpg,print_93033.jpg,drawing_225274.jpg
print_74753.jpg,print_161708.jpg,drawing_58948.jpg
print_74754.jpg,print_126944.jpg,drawing_69201.jpg
print_74776.jpg,print_36922.jpg,painting_43626.jpg
print_74817.jpg,print_225593.jpg,painting_129282.jpg
print_74995.jpg,print_83987.jpg,drawing_75749.jpg
print_7645.jpg,print_34953.jpg,painting_42411.jpg
print_7750.jpg,print_74484.jpg,painting_46109.jpg
print_78821.jpg,print_153712.jpg,painting_46117.jpg
print_78845.jpg,print_57678.jpg,drawing_208711.jpg
print_78865.jpg,print_117819.jpg,painting_32682.jpg
print_78866.jpg,print_11410.jpg,painting_92994.jpg
print_79399.jpg,print_72783.jpg,painting_176558.jpg
print_7990.jpg,print_8206.jpg,painting_1167.jpg
print_7994.jpg,print_74313.jpg,drawing_82933.jpg
print_8019.jpg,print_145761.jpg,painting_46440.jpg
print_8020.jpg,print_10746.jpg,drawing_68860.jpg
print_8021.jpg,print_7990.jpg,drawing_138591.jpg
print_80456.jpg,print_3529.jpg,drawing_52308.jpg
print_8063.jpg,print_93033.jpg,painting_228852.jpg
print_8065.jpg,print_74444.jpg,drawing_52296.jpg
print_8162.jpg,print_56626.jpg,drawing_93027.jpg
print_8182.jpg,print_40277.jpg,drawing_138656.jpg
print_8198.jpg,print_72783.jpg,painting_121137.jpg
print_8202.jpg,print_40153.jpg,painting_59893.jpg
print_8205.jpg,print_123667.jpg,drawing_214190.jpg
print_8206.jpg,print_34191.jpg,painting_34096.jpg
print_8207.jpg,print_225592.jpg,painting_51.jpg
print_8208.jpg,print_169121.jpg,painting_34136.jpg
print_8210.jpg,print_110685.jpg,painting_34117.jpg
print_8215.jpg,print_153712.jpg,drawing_64739.jpg
print_8216.jpg,print_57595.jpg,painting_42444.jpg
print_8218.jpg,print_9837.jpg,drawing_208696.jpg
print_8222.jpg,print_10859.jpg,drawing_71463.jpg
print_8281.jpg,print_59065.jpg,drawing_208700.jpg
print_8282.jpg,print_106707.jpg,drawing_225275.jpg
print_8382.jpg,print_37686.jpg,painting_46625.jpg
print_83882.jpg,print_137894.jpg,painting_46482.jpg
print_83987.jpg,print_48515.jpg,drawing_180526.jpg
print_83997.jpg,print_8206.jpg,painting_89.jpg
print_84039.jpg,print_95362.jpg,painting_228065.jpg
print_8561.jpg,print_11542.jpg,painting_1167.jpg
print_86075.jpg,print_34190.jpg,drawing_112531.jpg
print_8637.jpg,print_153645.jpg,drawing_74212.jpg
print_8909.jpg,print_62822.jpg,painting_46110.jpg
print_8973.jpg,print_74447.jpg,drawing_69116.jpg
print_90212.jpg,print_74737.jpg,painting_41681.jpg
print_90727.jpg,print_929.jpg,drawing_40054.jpg
print_91006.jpg,print_65901.jpg,painting_34148.jpg
print_9153.jpg,print_148251.jpg,drawing_122649.jpg
print_929.jpg,print_8561.jpg,painting_177911.jpg
print_93033.jpg,print_71297.jpg,painting_46484.jpg
print_95362.jpg,print_57958.jpg,painting_1235.jpg
print_96637.jpg,print_157142.jpg,drawing_208697.jpg
print_97377.jpg,print_41195.jpg,painting_33752.jpg
print_9833.jpg,print_169539.jpg,drawing_43627.jpg
print_9834.jpg,print_222458.jpg,painting_92994.jpg
print_9835.jpg,print_40153.jpg,drawing_64812.jpg
print_9836.jpg,print_74470.jpg,painting_34117.jpg
print_9837.jpg,print_48965.jpg,drawing_64826.jpg
print_9838.jpg,print_11436.jpg,drawing_154421.jpg
print_9839.jpg,print_222927.jpg,drawing_73861.jpg
print_9840.jpg,print_110345.jpg,painting_570.jpg
print_9841.jpg,print_147834.jpg,drawing_68860.jpg
print_9847.jpg,print_43485.jpg,painting_106382.jpg
print_9848.jpg,print_58806.jpg,drawing_65474.jpg
print_9857.jpg,print_34041.jpg,painting_52257.jpg
print_9930.jpg,print_217286.jpg,painting_50293.jpg
print_9931.jpg,print_39039.jpg,painting_42444.jpg
print_9966.jpg,print_58509.jpg,painting_129282.jpg
print_9983.jpg,print_121162.jpg,painting_46165.jpg
print_9996.jpg,print_129269.jpg,drawing_143834.jpg
print_9997.jpg,print_41200.jpg,painting_34083.jpg
